name,email,company,job_title,company_size
"Sato, Fatima",fsato@hotmail.com,DataCloud Solutions LLC,Principal Product Manager,1500 employees
,christopher.a@yahoo.co,DataCloud Solutions,Director of Business Operations,25
"Lopez, Olga",olga.lopez@codestreamltd.com,CodeStream Ltd,,Medium
ANTHONY LOPEZ,anthonylopez@cyberguardsyste.com,CyberGuard Systems Co,"Director, Digital Marketing",Mid-size
"Gonzalez, Ashley",ashley_gonzalez@hotmail.com,Unknown,Head of Revenue Operations,25+
Ahmed Martin,ahmedmartin@pharmadynamicsl.com,,Chief Technology Officer,25+
Paul D.,pdavis@medcaresolution.com,MedCare Solutions,"VP, Strategic Accounts","1,200 employees"
Ahmed Anderson,ahmedanderson@healthtechinnov.com,HealthTech Innovations,Regional Sales Mgr,200
Sáráh Kumár,skumar@outlook.com,Financial Advisors Group,Head of Sales Operations,
"Petrov, Ashley",ashley_petrov@yahoo.com,Capital Ventures LLC,VP of Engineering,Startup
Chen Kumar, chenkumar@yahoo.com ,CreditFlow Systems Inc,VP of Engineering,500+
"Williams, Yuki",yukiwilliams@gmail.com,Capital Ventures LLC,Sr. Project Manager,Small Business
yuki white,yuki.white@pro.biz,Industrial Solutions Corp,Asst. Director of Marketing,200 employees
Emily Thomas,ethomas@productiondynam.com,Production Dynamics,Head of People & Culture,"1,200 employees"
pierre mártinez,pierre_martinez@outlook.com,Factory Innovations,"Director, Product Strategy",89
"Wang, Ingrid",ingridwang@manutechsystems.com,ManuTech Systems,Sr. Business Analyst,1500
Michael W.,michaelwhite@retailinnovatio.com,,Regional Sales Mgr,120
olga hassan,olga.hassan@gmail.com,RetailPro Solutions,,12
"Davis, Li",lidavis@pro.biz,Commerce Dynamics,"Director, Digital Marketing",2500
daniel rodriguez,daniel.r@gmail.com,Commerce Dynamics Inc,Principal Consultant,
,chen_jones@solutions.com,Not Available,Head of Revenue Operations,Mid-size
,LISA.L@BUSINESSDYNAMIC.COM,Business Dynamics Group,Not Available,67
"Thompson, Helen",helen_thompson@businessdynamic.com,Business Dynamics Group,Senior Marketing Specialist,~45
"Johnson, Maria",mjohnson@strategypartner.com,Strategy Partners Ltd,Chief Financial Officer,1000
Amanda Volkov,avolkov@pro.biz,Learning Dynamics Corp,Chief Financial Officer,25+
Robert Kumar,robertkumar@yahoo.com,Learning Dynamics Corp,,2500
michelle martinez,michellemartinez@yahoo.com,,Principal Consultant,2500
MARK HERNANDEZ,mark.hernandez@schooltechsyste.com,SchoolTech Systems,Asst. Director of Marketing,25
"Mártin, Sophie",sophiemartin@realtyadvisors.com,Realty Advisors,"VP, Finance & Operations",
"Gonzalez, John",john.g@realestatedynam.com,RealEstate Dynamics,VP of Operations,Large
Lisa S.,lisa.schmidt@yahoo.com,Property Pro Corp,Principal Data Engineer,100-500
Maria W.,maria.williams@gmail.com,Property Pro Corp,Head of People & Culture,"1,200 employees"
Li R.,lrodriguez@powertechdynami.com,PowerTech Dynamics,Lead Business Development Rep,"2,500+"
HELEN THOMPSON,helen.thompson@outlook.com,Sustainable Power Inc,Chief Operating Officer,2500
Ingrid Tanaka,itanaka@yahoo.co,SolarFirst Systems,"EVP, Global Sales",2500
Olga White,owhite@yahoo.com,SolarFirst Systems Inc,VP of Operations,67
Carlos Volkov,carlos.v@solutions.com,Media Innovations Corp,Unknown,SMB
Paul Wang,pwang@marketingdynami.com,Marketing Dynamics,Sr. VP Sales & Marketing,25+
chen martin,chen.martin@aol.com,Media Innovations Corp,Principal Software Architect,2500
HELEN SINGH,helensingh@creativepartner.com,Creative Partners Pro Group,"Sr. Manager, Business Intelligence",Small Business
